userid,deviceid,basedata
12,12,DOs7Obj9VySGBQeizido4SB%2Bvab36ffTiwMNBWH4%2FHE%3D
1,1,WIyf21Bn4A0zpsoSEJVWK7p8hx0iPJbsQWPqKxnPLSI%3D
2,2,j9sqkiq6wNlkjuX1EbQ%2B%2Bj%2FnyVisO0uqEqsX4oqT6HQ%3D
3,3,Gq2u7k583YSWlwHNmV0SwmSCjsVDSe%2BdPOyHjcEdgLU%3D
4,4,7ntCa7WZjnLalTFeRTdaHpDeE0GnqgeG012I3myf1Q8%3D
5,5,1bVv5DRyV9eNlxyHhhLzzhMFI%2FqZBjPSzvGskS57X%2Bk%3D
6,6,lOYRyrj%2BsQ7NZDZpmx9XCmFy0QlVQouWtqeRhi3pLZc%3D
7,7,RDZgQ1v6bZ2LyQvy5mObo9PtnrB1fICp7BWAOIaD6a4%3D
8,8,%2FpNTN%2B8izrWDzm3syfohjsv%2FQIJiFUQYJDuuEnOUBms%3D
9,9,%2B66gVa%2BJrqwjEt3Bzfy7A4t8b47EEcK3hQ18Oe%2FmK%2BM%3D
10,10,nYZwNqWS2cfpjc9djvtzU46EnTjNYzduBj3tWenSpXY%3D
11,11,Su092lkSLnjuoB2bkVhq5Sz16sdT076yBr%2BwCrpbQmU%3D
12,12,DOs7Obj9VySGBQeizido4SB%2Bvab36ffTiwMNBWH4%2FHE%3D
13,13,k3lPhPQe6L7u28eJfFYUUElqcbqmRC68hZHHdAbI0Js%3D
14,14,W3WNF%2BGgnXSGZV%2Bp8uJFKLzVqk3dJs5s2cCpjVe0Yzk%3D
15,15,N4S0cYkVJOViUWa5Oqqa%2Bi5l%2FsJhZa7H4%2Fu5e5OgGow%3D
16,16,TUU4kdfbPHCp2sPkyMI8g9OmT%2FzF9mUjEyK6PTgjdzU%3D
17,17,Nln%2FekQVD8yAsFRf6u0JEOosqRlk%2Fjqp%2Bz1co4x%2FUE0%3D
18,18,tcAjVCXlzmJklIcJHqmQ1Tv0JXYg89v5005smKXYgfg%3D
19,19,qCi0SfTAvMFVRawJjlMvRGjJ8bpfDixfoJ6IICOeVcU%3D
20,20,baeTEMvLPRparbFTwFX3pEaZ0PWtpvg%2FzBmHn1Qkc0w%3D
21,21,9AvLziKGmTL5UbIBQxjOudI0N40nBbCz7VwEuI4AYn0%3D
22,22,VxZN0%2BuScWlPDe%2Fb%2FiOY3UXtnylTMOtR4WqdMMu1890%3D
23,23,FW8%2FwjpFF6fr%2FSIOhvvPyartdSdregjES6HzPT5bII0%3D
24,24,C2c3EV1VBHNrsGYqJ0o0HqnZFNzmhrIRdnuPmT9F3dE%3D
25,25,EMShlGChjZI79dC%2Bkbk1bCassG9BBR4dqHWmLmCpW3w%3D
26,26,IvHkwx9S2SttxjEiwkGkWPrvGs14l5pNomSqlDazoOI%3D
27,27,uj9653FyJgTdgXpdQP%2BYxjA88B%2BaNkeXC%2FW3838TzuU%3D
28,28,FZDJcZXZqwJOZ6opuvh8I0ido59Zz2Vw6DiajfQ7zfQ%3D
29,29,yn9SNQrkE85HhndPLeoWKIddrd2U1ODGGzXkH%2BR34A0%3D
30,30,KXb8lObJaiCZI2s%2FKwrLl4vcq2h2piUlw7b49bAgRRA%3D
31,31,Tfc3Ee6ArF2DosDPLxUq5bP0OlBUuQv9zpi8mmYdJCk%3D
32,32,AvdGOuGoFV%2FtPpqnQ%2F%2FiUFPUC%2BqsUDxclS9WuLKzjcM%3D
33,33,cA9xVbOAs0QCJPcIAxIru6WrpzDQWGtmUnWeu%2FxIQyM%3D
34,34,IF30Kl4dICzrRvctlQ5sMbWkoBG0XcShtoe%2BFU%2FMrKk%3D
35,35,Nbn6HjjJyXVGEgtzJ3N%2Fgl9zOsyk35uWYBWHElMtV%2BE%3D
36,36,OL8qxe%2Fg6FSn6pf99jLbmWcZAbqzuuEcMzfVjncwLEc%3D
37,37,TcC5HPuRztpuwZc2VBIq%2Ff1WNmkBxdPwd2R7fXn%2FfWg%3D
38,38,ptHrhWGYFWuH1efzc79%2F2FNS%2FDQNcp1GYJuAOm2hzbY%3D
39,39,YYsx2PTk8CogiYSMlUKPLKkOGh97brN09GMPNC%2B4IXA%3D
40,40,%2BDZzwKLkbxFEXQ8yuYdheD0ruepC1S1L%2Fw0Jv1gUomU%3D
41,41,TbEQZAxdN5mfHDd7a3vXzX5%2BO7Q0EVEtpcAI%2BA5%2F2S8%3D
42,42,lBLlo9oogr6aVkOupnaMUYKtcYCFb7ty5R5xrg%2BZS8Q%3D
43,43,cLOvv9M6MvWRq4KrMBAsRgw5izPsM4S%2FYSjWTD%2BYomA%3D
44,44,TThEaT5Fh%2Fq972hAZj0u%2Be6TYDeUYwBr1N0%2BLcvzX2c%3D
45,45,fsZ4KFqh7dxWkV8ouLKZ1ySd5EoTatcDhwvGhJ6Qmc4%3D
46,46,V6QR2GeWI90cltFVvvYl%2FCed3CkpiNNRczXvra5%2B6FA%3D
47,47,u2MQUYu6sxhYpXPLoMGBGPGuaGqkNT9CJampKZCJ2xw%3D
48,48,CzdlyxQRmk6fwTgT73Sw%2Fy529Spw7pCiup2GMRN3i9w%3D
49,49,wJK0KF88cWKYW6BwLCwLs0fzvYkiVRsCDkPPKrdHydw%3D
50,50,Z6U5b8RCrVj4Su1%2BiLigQRUeWZTFkO11czRP7zgcR7U%3D
51,51,QvyTNPPzjHv64LM6EQ7%2BM9wP6h0gUrHDnqP%2FCJnGOrA%3D
52,52,%2FLPrYWS3wP147MS%2FOkhBBL5dxEXYhsKirzu4%2BTG1S2E%3D
53,53,8XskkIl8K6x5qaZ%2BdvNmi3MgMnAuqdPdKqHUOYnh96k%3D
54,54,rdMZEZJiCgrRjhHTMagP6q9yOslStWFJ05D%2FPHESlfE%3D
55,55,W33Q62Dsrl58%2FTzNcxT6CbDS2W0HxqvEqjF943u%2BoQg%3D
56,56,WH7Fv1uj6EKZm4PhrJHREDgsq2q9HOLTzHOvOdtYsSw%3D
57,57,4vzCKETWRz5n7qwYsak37e2OdpKg%2Blv9Y7M3GQJkljM%3D
58,58,qhAmlWhdeIa1zIN0IWhI3puzHn1LVI4DcbxrEnqEEqE%3D
59,59,i4DP3vbXqYRMokTjTFzmLp3I3ZUhF1CerBJyiKzBMB4%3D
60,60,7kKNo28wu77zQuv093ZalVJpgFRr1YWY50fyJj6OBSY%3D
61,61,qO08XBGxSNut7iR76KZtJL9GALZIdXE2G4DrQ7Mwwac%3D
62,62,b%2BficpQ4Jwd0I2Asd89E409OS0wZziz9AhwQQY8yAA8%3D
63,63,GT31SQXG3fRF3pnKcEmrE6V9ZeufoL2mcH3%2BxgFRmng%3D
64,64,Z6wDCmXIDMhDPrnBiii8dJCspR8SCUDMWUNefroAdTM%3D
65,65,uzYeCxeLUHsJ8sZmAV1AaWf8EG47enYpZ22rjaFDgXk%3D
66,66,PWcGi6ZFTLIkdNuMuxyo33uwHGu1hu0iJU7DLw412ys%3D
67,67,N3eCx2QbBBX4ITTDtIXafeUvTjg03C2lhAAlnJR9rx0%3D
68,68,WU%2FtQgNFfPNCGZHb4%2B5RMejmeyV1AVldEh1DCU0gFXw%3D
69,69,CIdIAQmd4KrvZWpYYDpToLiBLjFtr%2FGNXtZF4uTCpVU%3D
70,70,%2FtnPpO2BDej4R9TwvY2iLrLgCrcckOuiCN2qf%2BmkzJI%3D
71,71,KSo3G7DM7vfCi72eQ%2Bsh%2B164OSM3zFidfUEpNtPlIcs%3D
72,72,yK8SRCaT5vy2ZOSwbri4DeBeXTVaun6ZNp8EOG5srSs%3D
73,73,rL%2BhX8ScRg6GmfBuSRuImcGuqAZBKcy8txJEO4QNaKs%3D
74,74,1zjTIxSL1G1W%2BuUNjE0y6%2B1QWhsShtJk3zeaNyzTacU%3D
75,75,w7vOcLHKiFB8XwLrQeL1VZiCYQz%2By7wQtD8xJA2QNDE%3D
76,76,HlO5cI31xXOg6O07LrfZMv2ztcRK41gpSycOGDnocLo%3D
77,77,YEU4W723lTYbqpxOzgdo9eC2dK8S9f40Qxi14QLdSNM%3D
78,78,93TKTOyR%2BgoOmJC3uaTbL2qQXzKn5ZjrheIhITnHYKU%3D
79,79,y3zMFHXMkX82dD3COX8ef%2Fz4j%2BksSFlmn628kVvEapI%3D
80,80,EuP8bWbtz6OZZ%2FJWOjLbnN2fAV6voMGnAMlZ9ObJbqQ%3D
81,81,oHYcCLReT%2FWEBd9pd58benZ7lK%2FfmXLa8dLv1cN3%2F2g%3D
82,82,QxQ0UEpAi%2BdpAPsiOKeGakwaGl8XEuM%2BQFEv1A88L%2B4%3D
83,83,U2Ad1CpO3lasAVsfeNiwzGysM5AngZ0UN%2FBQo0NGNuU%3D
84,84,bZAo4o2Of3mC29DxraMMUkL2cDDLVRmu6ys7koLsDaY%3D
85,85,WZTV6ZLCUyo1fTJNTsVZVKXLsg5TQK6ZflMvUOYHglE%3D
86,86,Hn8kVXNHyTHtOM3uiaQhCnaPaxkI9G%2BTI12I2U%2BtI10%3D
87,87,VYEWr%2BFpyW3UZVBEzQHfCq7R4HJ6mpZ%2Bzmwj8Aeo%2FXI%3D
88,88,wCbdlieOzPyeTVKfBfT6bZvLbNIj5J2KUs3hkcroVV0%3D
89,89,5UP1Q9Ys%2B8XPLQ6v0Mdo45Crtru4l8kFrAjSFAIcW2c%3D
90,90,2OkcJYPdyagRRZd6XC8y5lHrdpYijeY4EHD4dUxb7FU%3D
91,91,lJ7Ztrh7fROTUL8vYJ7OqlP0NaWz7CYP3mc5C9s66Ss%3D
92,92,%2ByG1MpndYI6Eul865xCUP079H1fdepzSWVT9ujPAM%2F4%3D
93,93,SqVHw2Wi4pJPmg0UsKJCeOYzgqVImA7TNM4tH1rrNGQ%3D
94,94,f40NILlsffheDtZUHzUF6VsX6l9s97QHuPBV%2F2ApnAE%3D
95,95,1ybYiUj4UuVxPwmGYXXmP%2FlYVX%2Bj1nv4QDEFwyVnAaA%3D
96,96,KJ%2B8fqaVp7McKri1E3QB8Q1WxafrR8tc7Fi1Nmo%2Brto%3D
97,97,EvqzCdIGCZ6VohiLXMsJtbFRcfD580bm7Ll%2FBytKP74%3D
98,98,BmwlzQVhtQpYP%2Ftm431r1t7mmhlKDo32fbEG26TGiCM%3D
99,99,5YChORSBVWDPPOA8iJLLuBX5vJLwgpQrMqAe3kHO0wY%3D
100,100,HxkDloCbX3P3xRm4ZA9Hx2MBk6yMLIPSZyIKgawkxWc%3D
101,101,ntFyc9O9gcnZ6IsrD%2Fp6lXYrLSHu6Lk8CKHXBOyMyeg%3D
102,102,8iAwnKtufn%2F1LtgMnfmsafEWDk7SvizPHBqkoDarT%2F4%3D
103,103,%2BzJTls%2Byt84EezMADB4w1i1jPMS3Vse%2FUBEIfz%2Fq%2FeY%3D
104,104,w2gIAIkS6wTVWyydXTfuM6qk3k%2FPT19orY%2Fwdd5sQ4o%3D
105,105,HXrTAKuP01CeZMJrLQloWA%2ByzTKPL4o15JF4V2egINk%3D
106,106,aTQaC9H769%2Bb%2F3wuy3nRQuTMbwMBEKqlKgT0htNPqnk%3D
107,107,8W2V4nhMEjfjKBLT5UIU1%2FMDKFTNN0EFTRx2wxPQRME%3D
108,108,zIimZod%2FJhIJSThMgw53zOqOvmDmP6p9WaZia1BYvRU%3D
109,109,cf2D9KRjLL5VIc492%2FUc%2FVlNCbg57iWi3ucjpgzKE7g%3D
110,110,bGHibY94%2BvNBexEgAtVrxEIxB2CNldifjebLiJ7uMXc%3D
111,111,RyylrbO2SG9F%2BwIGuJ92JqIzaLss5TT47msTvvjcRyo%3D
112,112,%2FQDK5rNTW2V3QONDYfHUptxzh6M72v7Ij8mvWgovTNE%3D
113,113,Ay%2FaRmghusvn2uV1%2BPx%2BtJntYJgUXp2nCivAKBqQijg%3D
114,114,gGkKTFbT9YBH4PMszLFjqbkqJbKCVsQVslH5WYX2G64%3D
115,115,RVoa0WbL7VCzC1vDXO6LZMuum1zyglpGiGPYkcSyTYc%3D
116,116,Wmy1q7JtFgHgFYxeo8Uk33iRhzzQm9MFZyHVmmpWhjs%3D
117,117,c5SO25b2dzkGCd5RmYckYdnbuAt1eRltyNL7dgZLeKA%3D
118,118,wCggLO%2BeybgqSbn52sapuovunzsuLkwGem%2BzClR4CWs%3D
119,119,Y9q%2BVgk8eY7hTJRhW9uQm0nulHbZdFW%2FpJXdXrdnqhE%3D
120,120,pFobwRasBc%2F5SPfstRl1%2BfxL06qRmDrJ3hR2LHOe7BU%3D
121,121,BcP2RnLVBO%2BrAw7cvZoVN0R5LYovsmF6C9Tb%2BHfE%2FcE%3D
122,122,hSgz%2F%2B3PYAMYlz%2FvIVoshhHZk66RAgOAuc3xelEHdVU%3D
123,123,7YA4vF%2B4Ux0Sk7sIuGa5J7vPg0DQonMV7vGddLMNJnw%3D
124,124,tMWhkofScPI2YBTA%2FGZw1gmrVOtuYphBiFP9tMQXCZM%3D
125,125,kcAjUt%2BvVoKSKJ2PqoV6RSpDb1IoxyvGTihu9nO22ss%3D
126,126,M2QBPom3FdGYINfldrowfNCHpf2TeT5HRpsk07%2FClgc%3D
127,127,o5Zul6uSHW86p%2Fo84khdF5WWPypB4hCbiOD8GzUovTU%3D
128,128,2nmn0pQ93qNilyVSOlxGrheEN8FQWh6TrmVgYEms5dc%3D
129,129,U8dX6Ld0Nq6r36oEbBoDeBLJgjR9XdNtS0EXaZX7ATU%3D
130,130,V%2Fat%2F%2FgJW2bmAdnoaEMt2pj%2FY%2Fv4zZwhR62U2AOxOco%3D
131,131,riLZW65PCjOQcUvw8t39JtHSy0Ivl678bi8XJG%2FRkCI%3D
132,132,ItVYRQe7tgOhJyzfl7B0JHK8OJblf%2BXvr3SJ3Ypzrrw%3D
133,133,JQS02sHNyCvMxee9n59aTO5sK5Bu%2F1gnTsRVh8zihTQ%3D
134,134,q4WNzehtQL4bSkIDRd2dmfpbC5aADsFjzrvkXkHZQ9g%3D
135,135,g1uNVNlcoVsulhQcwJCrE%2F%2BKQUHoQ5StoJ9uF9rGT2I%3D
136,136,dR%2B9yolSowo1mTuGvKKCHMsepOuJvBLSKMk0FQ9jt7E%3D
137,137,KxR%2FE2OdexztPjp1PyQKZOAH2a%2BxGRiuj9vI%2FEEBAWw%3D
138,138,SkhgWRzdg1wfbtA0%2FQbFp%2BhQG%2BPDJy8CGsanBziU8uw%3D
139,139,gjhNSiVx6vi1JU4TF4%2BiJEpxvHCE3Z%2B7MdptAlrAHaM%3D
140,140,9Ymq72mTz5Er5SgcNcnG3H8yk5WVAh2jjBQ5NZXISlI%3D
141,141,%2BkClYLKzDYRtGGQSG6SsHy5vck5iN%2FiuF5r%2B813ZQgE%3D
142,142,wYMUJtxasTR7mRgDxibuAVD%2BNQ%2FQLbEh3V3xHsO%2B%2BR8%3D
143,143,Ut0GBDSVLL3ZnEfwaM%2Bi%2FBQGlv5%2FkaLcqyrlppZCUh8%3D
144,144,f946jThb2h1nWDmGAxMkOy5albyEpVSeABsJn52zMFY%3D
145,145,RewZl%2BJRQ4y67MTFhc5i%2BtgtgD9bYf8tPdosgR3Kwe8%3D
146,146,xlMmsLDkLTftFKuwoLgKJK6PdQMOtanpcBYpZhkwxRs%3D
147,147,6ivPtaCKlkIaI6ICMCRqFGO7LKR29WuEySoGYMNyQcE%3D
148,148,5itkCv8FjTaAmB67GBqt%2FPwRq5BB9CpzFjXc05uqvV8%3D
149,149,vCZYc%2FOntd7Eiegry2aSb13qTH0gDNpnUaOQBnh5Ueg%3D
150,150,2MWpwz68Jws%2Fl5qd5Q%2BmZSidkYr%2BD7G2vCWC8L1%2FyZo%3D
151,151,9m2pM33ayQVSoeaGhFaNj0wIxtvbb6S4K1QrXEBlxWw%3D
152,152,1LYwxJwlC8MEyyV53DfPZahLdPoGfSjdh7yuF9pxeP4%3D
153,153,nrALcQhEcKbQK43EAYTeIDfxoDBnz%2BTgh2sfrPV5aZI%3D
155,155,2R3J4X2trYgFrZu4ZzzKbrPhwk7fb7ennrQa7zmNuus%3D
156,156,uq9vwIfSPsjtV2YaQMlAWBc8GtAbfGbvfyMiFGH5nKE%3D
157,157,xkJCIfl3NDwCHWpUVX6qWUgUPJyT686v6idEQqyrMUM%3D
158,158,35OOH4%2Bcrg%2BaHG8dCtX4lSwnGxZNKmZhNQ30t2W8JzA%3D
159,159,GbrE3Ekhe8Va%2FrsQEPlazAvNkHwkPP7UOIB%2B17nPUWo%3D
160,160,tSPpcetPG9yn5tFutjZ1w5C1T5RaLd8yCfn5IJ8weOU%3D
161,161,o%2F%2F0zCydy1TjwvvVpqQFGGbyb1rYwHHAzT%2FDS1PbJkE%3D
162,162,FuTB2SMP8d1DfWJazW7Fadgn0ZERG1nYCp%2BIFTX7Ecw%3D
163,163,J8JlkCnQU2BTaavlUl1FieMZ6WI3wyohQDz0qqXIhNU%3D
164,164,x3fe%2B%2Fkbfl2z6PhkiKgBq7Du2cz2HxiBW8OSVKw5eBc%3D
165,165,Z5%2B1DAcHMdJte%2FuGr61GxaF%2F7ZcJzPn4BXIRb6uY6ho%3D
166,166,YjZxwHXzIJ2KFexpca%2BIAJ0pLcZmlq9Ah%2FqkM6JzACw%3D
167,167,xOu6tSkuGGu38r7ByN%2Bd1FEUl27Ebn%2FQfJ%2F71tbwwBc%3D
168,168,cZpei3yZzILJNRn0G4axu9fkTG21xLiTOTSvIKG2RoQ%3D
169,169,4Xa62ZdrWSjUzgX%2F55bVEM%2FKPMVkNsN18hxRytrmx3U%3D
170,170,baOgOfePOQ0k2v5buQLfppG3S46PnykXGEqqMAiIFbA%3D
171,171,ywd%2B5gCu9IvbM0M7NkHqF60TJD1eDcgfui%2BDOVOm37Q%3D
172,172,op4KI9oInsizRfLkj%2BYx%2B7OwTfhSVy6Qgf2HeActaMY%3D
173,173,718dQbBECQotA4vCUrTSqQkelOS0zX298HVDkLsMxfc%3D
174,174,KLvIDU535Uc5l8NVR1xbTE6ASYtHgnLqBPNB9LgFWN8%3D
175,175,31CeViWnGL%2FsSVqfRdK3RKCj1yvs8Q0w8Eq6wingKf4%3D
176,176,3OXiKj4rpaHlSjjSVb4UYctN%2FziH%2BUMIg3ieiH2mfG0%3D
177,177,dYI7Fs6zszfItN0xB%2FpzdEJogH1YqlR3exgVZszj6ZE%3D
178,178,qU9tVsTEmG2V7lesGojFJU7xzlUGR%2F0Hwwiay4Shz5U%3D
179,179,xr9FuHBaZ7kzoUQtIVReToRCm1Y59R8cGhJxiar3pSw%3D
180,180,G8I8eaH%2BFNR0Cl20ZwnmNKybnEfvh1SzWKXBoHiGeBk%3D
181,181,pvWmc74iuZ75%2B7eSgzPO9ai9G5iG6O6jPZAdOXX9%2FIg%3D
182,182,rE4otHdr6JGL%2FTsmVK8zRiG7jar719PG%2BFdqhfXUpxA%3D
183,183,0Jd9yoUWcSxw85tEcsKwZge1q%2Fx2YSExtSgioJfslPI%3D
184,184,LBvpg3fG320ewDxmZnjAHlqqteTiyclUDTaTATQRkPo%3D
185,185,LIypeZvz1RY3qRiY%2BkOCjb3W7UFCZA8hHOV8EMyXSVM%3D
186,186,ZuMpih3Mr7i%2FkBM6837kdGkWzI7WsYJ1bIif8dIeYTg%3D
187,187,3XnhM%2Fm%2BerTt3wQGeDvHK848nsXzhnObRo%2FO6aY%2Bwsg%3D
188,188,kMXy1JPXnR%2FYMV8smvw3VL8dHXSVYokz7KXDFuDn9ww%3D
189,189,jSBdo9vKWOpyiPtxh%2F6Vd8w751PYjAhCBc%2BpuYwheDs%3D
190,190,YRFwcEwNG4nUOqlO0RszvzPYWHSbH95e5sF5oFEVzzU%3D
191,191,aAuS9Jl7hu%2BkOQ9IBd1we45lL1sGlynC1ryq9Z2XPUs%3D
192,192,tkh%2BrQa1v8D%2BCLmAH2IdskAG9HA3OpC5Y%2FaQnrvd1qE%3D
193,193,NlkwcFbaNNv3%2FYrzxIjvoGJIqh9rYl%2Fbgg5ZcgJIsR4%3D
194,194,M%2BDqZiz0zxgLvp5%2F6kQwDX5j8cLjZq1FwI0X3o5KuNs%3D
195,195,JXE693J21tT2w1FzT3SH5oNu1PdWi58xWjcHArQwuS0%3D
196,196,N4TZnFCwl5uptW1OOdZt1sA%2B8wBVAX6BnMn2sE0KlDs%3D
197,197,svYyZk1ybybrs%2F0GRKV7wO2Fd7VGhvkn6fFDxfP3TSw%3D
198,198,MmUCROKHM%2FUt8pTQqPc8e6hJP%2FKb8Gl98SFEy14M2so%3D
199,199,gR4MIflGT0XVG6VJNLW1WVsK9uy8PKHkkqtU0CVh86k%3D
200,200,Atd%2BtjUHTROBp0lST9bUa%2Bt7rLUVLkNyKr3FRotyRz4%3D
201,201,MSSx6i075khErsk9Orkv13P4EGxU3Z%2F11JT5%2ByJpXao%3D
202,202,dSnMh1WGuVUdlW1rjo%2BO1WwIQdOVrC6i2ggeladZZh0%3D
203,203,gZqZiQo7BGnhWaA5mfHXrb1nw3Vu7k%2Fvar8D11zp1JI%3D
204,204,GBkr7cXrTT0oNmZ4UtPYwWM4LOPDw87R9%2BgQ%2B1KKpzc%3D
205,205,Wnp%2Bc2mGMLKy%2FtRR%2Bj6EIV8oGWl4L1i8iIYWZmmi%2B5s%3D
206,206,h6sjjaRZAnjOBCi1rrl2SER17bJE9xGG9%2FUMDcUj1Uw%3D
207,207,uZF7ySiSpWtzxa%2FnGf4sKQV%2Bq6nwNwiPJ9H%2Fyz4Zy1I%3D
208,208,u2TA93BYzE6NISoKVCMkqF5gUCQVXXhSdVxAOVrtBLg%3D
209,209,8yEOHrBRdXgTl1OJRB2byPcfP9HV6p29fBYJPtIrlnY%3D
210,210,lKvw1SMQrbPmLgLJdjXigdiNQjH%2FIlCwzhGYM1GXN1o%3D
211,211,vipdlMEH%2FemEYPw6J68Fo0ozjt%2FRBhgEulQzP4BDQ1g%3D
212,212,1PWjoZknOY%2B7fMYApwk4YPnQL5zWU2pCZv1dsIzf7bg%3D
213,213,U6NawVdjSiIqne89S6Scd6Lh%2FCSJCgSSLPTVGrx2Z9o%3D
214,214,8qLUMQhEd%2BjNKOhKapy6Bhw04WDa5ehG8R3jABmqA8w%3D
215,215,0X8qdZOONSwmlq0LPFMmN29LU0WsTk%2FnoceaGkcFGwQ%3D
216,216,iG4pLexdcNMy%2Byn8WR26DflvfVv1bbKP3uo9kW6KPHk%3D
217,217,D7rbTIKp2A6IndxIauwQFGcBnUZJ1jvuUf7BaSON%2Fpo%3D
218,218,QWHDlPsBkCLLYj1JeOpnB6nOQuW54VUAKCTzLTKMETg%3D
219,219,3k6%2B0jNx1Umr%2Bj2zn9yniIa%2FaXIi2WcHc4hICU9gmXQ%3D
220,220,0G9udQMucWHMH6%2BaUAwlzRileyU5XWbUJ82xtlfbyUk%3D
221,221,vUWsLN5Jld7nWjyoGKxj0bNlOa9W6KS2hUnnDwrv2Ag%3D
222,222,IX%2Bp0aBy3fH0eX2iCS4DpZLkwc9Pta0u%2Bb99BInkSe4%3D
223,223,aCMbwmxkxFzvfwInGXXQYY5dQDm6SKwSraFrC0aQfwc%3D
224,224,xf4C2Rr20vvxJtO3t1HVz4lRBDbfZmVjGyGkqrlEi%2FI%3D
225,225,2uv2PkgI6JOpWPGupGMlyFQTaay1V0XaEtmYQE%2Bvhuw%3D
226,226,VVPL7ta%2Fn2Z1Y2pmidVDhXG1Lyd8Wsem8LRzN2NRucc%3D
227,227,iqCCTOkUU3gVi2sr%2BJzZpu58q9jOoMidXvOhunDUjp4%3D
228,228,De2oJQBud4AV5Tqxg64tUiPDpe4ZEbVTz3ofUMiU7XA%3D
229,229,j7LKZbAOxn0QomczWQ1%2Bj5q5lMbYtt8C%2BcESqBx%2FV%2FI%3D
230,230,x6jP8t%2B%2BeZC93JEyDEqHXCfAwiPCVLj86%2F8R1cs3qXM%3D
231,231,f78GpCmlUvhX2vsCh9Cki%2BFzU%2FDB7vm0MTc%2BpbTnxe4%3D
232,232,tCAEt%2FnxL0LJigitImv03c6JcKWZYkCsDjtDiV8C4Zw%3D
233,233,w%2BnSVEXcxSFRv%2B4%2FcYmvotwha%2BTgcU0hXN8sb9UYoZE%3D
234,234,wuwzosVgUFCKTfxtof18Sru3Fcx3mwvXrqzKp0Jm28Q%3D
235,235,nz6q4f6fvkVcPaQp%2FGZzAiYhlgWtiZ7DpIRTb5MliQw%3D
236,236,%2FAo7Hp%2FzxrY97ZP846536EyrOB0sP5oB1aiaXXLuUp4%3D
237,237,vJfxfMtCF1zqrxeZtqvOP%2BsAXIUr8AFkGvaG5c%2Fi%2FCU%3D
238,238,Q4G2tBIzmM8GA1M2O192l%2Bjf2%2BgdgWHqpI%2Bq5Y92GdM%3D
239,239,Toqn20jM8896tBdUyCTeSSUULFvkqkcv8dV%2FgVRbZs0%3D
240,240,ktvO4uWeukZmf6nr2eBID%2FyXMu94nmUNBUpVjoVmo0E%3D
241,241,gYVySU37YqfvJhF4zW92bo1hFRFqy7NaAhM%2BDzg2cZ0%3D
242,242,b96T25zH6PSY6sOOwzHAvPyCeMH7M68xkFMkCUoGtes%3D
243,243,HWhkdb%2FwMeDy6nEd%2FruYfTXS7LH3U5lyW5w65Go0bsg%3D
244,244,F3bY7v0lNMkK8gW0hHuJVvweB%2FMLezQ3Q9q8QaJ86js%3D
245,245,Ke46k2kYL5VxuzLKKkZ9Cba%2FzkRa5WGN%2FTPp6QPrZkc%3D
246,246,vZJbQqZ7BOkTY%2BYAubLk1dM1A9MAkW7KUN99NGaxjNg%3D
247,247,l0CeVV%2Fr2N0aDYTrtfyebKg0rjn%2BOayCa%2FgPBflUhPE%3D
248,248,pdEAIKYqS3OyWP8McM4djEiZtihmE0AdZhu3%2FEoORg8%3D
249,249,QYrhlVoPbLR%2B6DrgpvBmnB0VMaeQl43Y%2BEfMaVmJesk%3D
250,250,7kXAhpd64UJjEZw4VOL3a1iQjsg7r%2BMMBC0AxvDqRck%3D
251,251,ZDxUUN61ucrl8YHHSPdTawhtXoT8ZOpzeiKZlYa38L4%3D
252,252,8%2BP%2BsKVmHFYXtfjNFi1v0eeq3W2zW6s2bCUbawUa86w%3D
253,253,yWLiL4h%2FQqIEII%2B2LSARBWrSf8IA3ZRMZrrvlBZSJnU%3D
254,254,zA6PA5y3cppCtHoa0uKXQiVk7XyPB7P3Fyf%2FJ0CRzS0%3D
255,255,gB3EMps88AofBQ42tJAbV2GcJtbkLdhR8tLvS50oG3A%3D
256,256,lppo3mG96kFLrLRskx%2Fz8uzzQR%2FoC90YU55hggaLTS8%3D
257,257,2gcZVOYvLMIh6Sc3EkBLWwJl1eHcfCgraJqSfvTYewI%3D
258,258,%2Fljsj2UPGZI6N%2BlLLvXOsKshCI3yA8orbj4ISbpfurc%3D
259,259,KnDnWO1sZcnOnunDn56qlgxdKoHGsrtweKzZOPPDBIk%3D
260,260,elMu2MOc390NLOD7kaPs78I6jme3URw1LZYNr1PQnGI%3D
261,261,jd4zBuTYKJ24qQ6G96Et6am%2BpIqvwkMMVVIxZai92U8%3D
262,262,zScay3z1JZJhey5CpEPkvjvlbKyASx%2Bvew9hHWk8i%2B4%3D
263,263,15QwAB5bzGNpRgERD3g6A9orXFBgLU%2BO5%2FsTEgLf6Ck%3D
264,264,T4ywsBVLPGZAIjidXPyeve4O0MatQo6rdkdlqYXooqM%3D
265,265,7zkEsBhhLZqvqS3OZS5ag6j0T2TkebiUcdDZ3sD56GE%3D
266,266,3IUC9IFJ3f1nyw%2BACIh%2F8hvspOkUmJbiL8avs2cUvJU%3D
267,267,UEaeBo0zMYcxinwhDeJglwL9A1ItLWow6J4OUF5aans%3D
268,268,3BTPwl5ZsoErRp6eaQ%2BSr5g66WB0QF6xQP1vShAF6VA%3D
269,269,w%2FLt2pCCNKhvr%2BdzvvvRyMhoWd3RzFKxNG6sZ1Zi7wg%3D
270,270,qo8QFq0lkchK4OD2QKoQsubKnQJm%2FM%2B5SDKdPjDm1PM%3D
271,271,CZWG2kK2Mrwr%2FBLu6T%2Fap1G%2B4LW5bknThrmZVxjY%2BTg%3D
272,272,TEaXQziPyNOQTmG0kmRXyWFAaylCzIvaX39Jl9xbyFk%3D
273,273,syTrT9L2wyY5NfwMKCgZ92lwJpZe%2FEvkPY%2BlKyT9pe0%3D
274,274,cFkYgLsUJvA6K7TqJajVBQNhE%2FEg0VlOdROt%2B%2FcySkY%3D
275,275,JxZJMvuqiaq09LC%2FwcnakRLG%2FGFucY3KvyJzLpQwPck%3D
276,276,JRl0gBGWd7zxzTawMdSaAnDSgsZqB3n%2BYhanfKOGqqE%3D
277,277,NsFT984cgxOPJQDva7kdgZkaYxx3eDWPZcwGfgdv5Ho%3D
278,278,dfRavUOQpj%2FTf34WE0ELqXreCcaDD%2F3Nw1TP%2BRk2kB4%3D
279,279,iV5BYJGQg%2ByEXfLS6bSpXjZpRQcIJWoBzGLKIpkoyXY%3D
280,280,Pm1uTVogaGU85X5TtrMWIdOJ0Jp%2FM%2BO1IC00%2BE8I%2Fa0%3D
281,281,0iV6ubwms1wf29lqvQ0%2F95m8lkjLsOfbGdgS%2F2cblMY%3D
282,282,qB%2FsGFiQkcb1mVp%2FWTYR7LMrPV%2FttXJ4vjOORv%2BIjBw%3D
283,283,cTsBjQt1ffFLL0B%2BwJAKNMD5aBsoi0ik%2Fwp3qCpvG9k%3D
284,284,ARHn6X44ZxGX6Y5f3dQwvXIin6HTPaKGRVKXQj671cE%3D
285,285,eXtB%2FYKl%2F2lQ9AiCA4yPhtnyARBVlEAUwYqklh29W2U%3D
286,286,H3m%2BhqDnNet%2BAJSIWaXlV5Ff17zEm4augVmbbkDeAwU%3D
287,287,exfGo%2BMGAp4Ea9NH8VhcOJfq0%2BPkgi%2F4vGaNIHQLzr0%3D
288,288,HAoCPncUkrrCP7g75KVnnQQoaAGtRkdDUyedoBG9JyI%3D
289,289,2I%2BXp%2F7zOnqe2E2kkGDBw7yg3nnHUwwZNQuRu3wMKNs%3D
290,290,sfOFifuDq9A4tCIAjnOG%2FpqHKsuItRYscJs6k2ajToU%3D
291,291,9rVRCBlj4xIhDGtBIUvh7LQyuJ%2BqFLjS5H%2Fgi98zAdk%3D
292,292,dHqrVBvai4JPJd0Uw9wOUhmcyKK0J9i590IvOrdTCpc%3D
293,293,LVy8UogjgtPXj4e%2F1DKHFv%2FTDfefQW%2FnjuGBoJQr%2Bew%3D
294,294,lmVjjerpt%2BjAH%2BGH%2Btpy7i9Ma1QZgoqnWq74fb104E8%3D
295,295,SyP%2FBMJJXlAIrgds1JHW05%2FpzPLgZZ2UkG6vgQ4t3%2FI%3D
296,296,zl5rzGkvX2R9HVPL4M2Ld6n7IkqkpnO5kbVM8%2FSknSk%3D
297,297,Ks5GFv3dlFZndyOPQcFiFXnzJQNaTaHt8Ary0tg01f4%3D
298,298,1KMNFcPohz472VFbt4H4RtJeHImG9CoA40gm9aRwCRQ%3D
299,299,L%2Bc2JSDAqm5d4h7r6K9agZVS3FHkWcCVct0yVHIDrAw%3D
300,300,r1pkCZkBzmRlNLXWf6fQp8nsBpLZGHF%2BOhts3nKRGIo%3D
301,301,aqKMsjA4cUEQ49WThdswWyVWQ%2FihfiL5uLwfxCE0Wyo%3D
302,302,J04UUHcsJNqupclE9VOBunP5mApqqMMq%2F7xxvyZn1t0%3D
303,303,OkP1XbLN7XpOh29u%2FqZndx%2FOB08u5Mn4tMLTEVJ%2Ftjc%3D
304,304,9j%2BIZryeU5EY%2BFlhYaUti1JFZaxYiLaZiZCHUrhmnyY%3D
305,305,1wN5qLNfYkY01UufQW90kLoMLnNbyUMjji6X5SEGZDk%3D
306,306,djBBrb6DD4gIPoXRmJTnYGAqf4W8iCEXZSASnoAVZgs%3D
307,307,4%2Foh1AwwXub8dtZ3mJEoqw3NEIWiPPPrhS7kd9rqqKM%3D
308,308,5K3vVsv4os2Evn7IaHzEh4fPRYUiZp783oVN08hNuvc%3D
309,309,9l%2FvF3oMK6h%2Bvp%2FElcwcjyF4bEmhT9sXYbetkzLPM%2B0%3D
310,310,S2j3jAlRMXgPldhLc756XiN9LGFK0eOMV1PzVS9N5iU%3D
311,311,HINUIK5r5XfKNi5U2yuHdwX559EnsjiQmxnKpby%2F0mc%3D
312,312,ljwaJqYwDzibQqnP1Dp76fuDPxf02PqBZG6QZpvfanM%3D
313,313,kUXp9tdtHudAa%2FiqY14bVUaFe9GVmJfv79lNlVpra2I%3D
314,314,1az1FaJsMenaKLGKH6VoN6Lph9NZ%2FGeS%2FiahiGEco5Y%3D
315,315,Td1eZUYTuVWMht2ZU54plIbtocvYWXlQmRPfxKjrBcA%3D
316,316,rhmouIhkBRqagCJuI%2Bsw1dLf7Z43jcs%2FTUjJjJ3uAuk%3D
317,317,YQWhI5LsWKrScSh20iD49ZUvox5wTi61accxDwhqD0s%3D
318,318,Q1wbiGVNTJpnSgThfMZ6TaQCCuGyaRMq4%2BJSmEYLJbE%3D
319,319,3TrkdEGxAbsGxb7k3LVLDbJA81nBGpzkMOKP6yllaF4%3D
320,320,t9vmvvNIp%2BHGP%2Bm9h2Cte3AULuIqe7jev5KxcQPbPBs%3D
321,321,eOVTGniT%2B5vgMtEUtEYtDQmnHWnjekWoIEWJP62rnkk%3D
322,322,Pvpop0vD2ZUHNPz5Y%2Fiunsw9gfee4%2Bk2vWLby6NhKi4%3D
323,323,2yLp9xi3fpMQp7J2sVHLWsbxYoFnZpUFN0ZnkrCYBQo%3D
324,324,VEwwWk35SVTvhWpu%2Bv5zBjdwqc5IjvJA1yG07Dut%2BMc%3D
325,325,8ZrQAw%2Buyf%2BFPKyqolNvwLalLcX4BSH1pUaS8%2Btj1GQ%3D
326,326,VOgh3iHSXLeP6wdaTgsXwr3ZYMZgHqgGqRsQ6CgGjfk%3D
327,327,kI2pJxoGRMEh7VJH6IXy6sJoJ2sL0lFK5J6p60HbF9g%3D
328,328,UAGKgJtU4yda27obzKtGA3cXP4KRzaLk8Z4tMY06KSc%3D
329,329,0Hdk3AzgrYve7HvdW2gN57iOhMODEHraRZ5VVVftK0Y%3D
330,330,s0SRHyb0j5xCt19sDMsJYmfs3%2BBCkW71GL14TdAElH0%3D
331,331,Xd9i%2BMucecQrboRO3sVFljkB6K04NgmDrcCE68QQppU%3D
332,332,TD8lF2jw%2F2udOaMPnPP7VEqaZYJj%2B5dHyBytiDhAdTo%3D
340,340,DquNRxA%2BwmvMsrqvXsbzJdKh9AWTL3av7lznMYQoGPw%3D
341,341,WhNrujFUE47iJ08jeGibT3B1nJNQq6KRI3kTzBMla8c%3D
342,342,SLKuVKVmYIfJATYeqZX6vDp%2B7YGmWIqj64q5BCXnU5w%3D
343,343,mQh%2BZlIqcnEvvagmAf2bh6FKclNXAijB0%2B5AM3ZoBzg%3D
344,344,GcD4r98wbMp6gqM%2F%2FB3or%2BlDux5HUGzKeqzUevcKQZw%3D
345,345,TSjHGbM7SB5fljm0fJv2pYtzk17RjsS8h2etAVegOio%3D
346,346,056Y0KVAcUh2feUkDujGVAtQvDVBpFI6jokZ7A%2Fq2kE%3D
347,347,pepNjEU2p5D2wckuOdFDToOcKofKh1Z4twQ4jp1GOb0%3D
348,348,WVmVa2EzwsAqXXLGErSCGb%2BiMPL3VlThXU3tJVcXiyc%3D
349,349,BbbRG%2F5Itf%2Fkre9EThdHawCX6ApVGf%2FGOB%2B63nT9OVU%3D
350,350,BkCrISUwU%2Fkh1UbX3otfqAy%2FfZVyW71Vk8UYgxjm%2BJ4%3D
351,351,CHpZnUvmyc3DBlBIkb99NSQA3ARqxKLnyR1v0q2Egwk%3D
352,352,RMci7OOc%2FwLka5dQ8q6gS9%2FRPZRnyvyHHZP4bQUOzoM%3D
353,353,ZC15Y8mVDsxSMSN4Ys%2FqAsaklkFwgHWaGWfXRjA6c1c%3D
354,354,HF5A29DOsRQervZD3hfL6nZh5FdMdhSfjLUVtdSqaV0%3D
355,355,cByuk6f78dvnaCPaTOfRvZGtVvBCNJTWth1eZglv4Ws%3D
356,356,tAraSZ%2BdQqGgozaojG5Yy5ulEL45XLX4DK87E3azkRs%3D
357,357,i%2Bz9l7DROiG%2FHNVhmYLxkubvP7HybcPwptCbSTlHEEo%3D
358,358,1nv4aS0ioSr21PGCnQheWYDLej9utBoiNviHSqFUpGI%3D
359,359,VYODyHqeLnOp5sgv8m2GjHLXmnL7mhwJ%2BDd5G8WoDhM%3D
360,360,tySiKw4%2Fouoxjy2ozfnZ7ElHVt9FyAGbgH57f%2BPvIR4%3D
361,361,Qq4mYbNpED27vvtb3dhu5DW59g74ABydfYzO1hTVdVY%3D
362,362,qW%2BZW%2FB%2BFL5ltZEQ%2FXsRg0iyOyiOi%2FyVg91DW1sTQAc%3D
363,363,scJJSGen9YJlko0VIsEnsP0RlTJSI%2B39d%2F2yUcju0tM%3D
364,364,UluoOJsoLo7gcNk9NUn%2FdvDJzJg63YVQ4xvDAlo%2FHpU%3D
365,365,HleWGoMbB4ATfyjVd0rbdtC66IVUVGzMoS%2BvaShA9q8%3D
366,366,oemqS2qBxTDYLRz96gnX9Ntk9qd0JgyV47m48rfPn%2F4%3D
367,367,fxA1lgCmpmATlTm%2BjZXg%2BuKWbK35J5jR7O3pbeiATBM%3D
368,368,MUORKX8N28HSI5atNQtUQTfFmbzIz1rrhTeV%2F1Q6d78%3D
369,369,woFS%2BhmSOAea2m8mCJA0k8uzmufXaabnqjsjH40A2GA%3D
370,370,5Um0PmNanGYE5k%2FXlzbwcJYoovKWQLWgVRBBy%2FSznSI%3D
371,371,LtY4DsvpJV8H3fRRIOTnXdFvhNRf5SbqT95MvL4KdVo%3D
372,372,9hnJVH%2Fve1IfkxDYNgwGMSHZdp06RcdW1ZapnCXc%2BVY%3D
373,373,0FWKrtLhdxSIOmQwLfwNZajennDIqPdjURYBm4uxEcw%3D
374,374,DWDeJ2tGqspaNPKPozLmQCRRJ3r%2FVHum7CE7mBh1n1M%3D
375,375,4NSkFpFwmUAGTpytbYjCT%2BEPylNSTDZ%2FvcnDxRqsc3s%3D
376,376,44kEarybY%2Bk7RJOg%2FkjZClbjBU2T6EASSUGDPas%2BMlI%3D
377,377,bVrijUscMoCroN90UdGdFGGfPK6uMA3l3tPDyAaoa3Q%3D
378,378,DuPcBJmlJwp6zYd192sVlpZWv1EEVlbrdz3nT5RlXps%3D
379,379,7mlsrIGmYc3zUUOb8X55oyozeeJZsEnWZbIBFf6bujo%3D
380,380,tCQU%2Ft6l%2FeULrmfwHTh62OOUj1rE8S9zWpOHsiwhDfU%3D
381,381,Q%2Fu1CElLy%2FzRR3vgTx6BBbVDiisgQSwy33Oxbt648vI%3D
382,382,7OJ8xl0EshsGWc%2FwlmwdHhfnkGXJiotnBe%2FM15OzV6s%3D
383,383,zkJ%2Fv%2Fbkcx8A%2BQyD%2FeXKZ3GWgMAQG5flEX5N8iwjoYk%3D
384,384,TCYkfwv3lBojONGAG3vUNapdeyAYJLTPrIS9H8sR8XY%3D
385,385,qHG8vgn69cmugAekTS0VKzTPTY6UwIA0JL%2BEQ%2BuKebA%3D
386,386,mSfkiKp%2Baw%2F1kZ2CkhSZVmjeiB08Gq80YprROtXy%2BtM%3D
387,387,olKI9kl1EqZrclA%2FNS%2FvkwEQ2oFjQdfJstCpkepP278%3D
388,388,aMIosoRuH04vaNK%2FuOh0Y1%2FqKWbE09hsx%2BWh9SUQOu4%3D
389,389,8eRYifx9153HIjNdi4UakrO80NBV0t2gquFtUwOZvHg%3D
390,390,N6t63uovfFGxvc4pGj8sIYWk2c4wN9vc6S93vm0y4xc%3D
391,391,GUZCfnMH6q8Ij2Lc%2F0aE0nAznz4EG3exTIVrl%2B90viA%3D
392,392,TH%2F2nh%2B2RLjfSdkDeXXEPrMk2rGg5%2FxtXHa5Rm3Y0Oo%3D
393,393,8FHZEc%2BB2ZE6ZleeSAPlPsE%2FA%2F8wPUequkJVd2hltdc%3D
394,394,qpOr3lKf%2FZJgfjpadVKW7djTZP96%2FAu%2BagJki%2BNH4rg%3D
395,395,voaVll9bjRyb1jlRDoimGJiOYd5MNDTZUaXFEvkiMa8%3D
396,396,TBd%2BSCbl02mzF4mswVYp83wHlsjNlT2DcTlUqJkIXAQ%3D
397,397,%2FmtsYIty5qLqN8KPuY31MR3GwQg6dI3JzZ44vaSkT0s%3D
398,398,7CuQQNBWpUXM74iVQY2XdXt83%2F5TxU89hykb8t4Zvug%3D
399,399,3IUPgfeJpdA0ie7BGF%2F9jvoaPC4CBIQW3XmZQqAeXEY%3D
400,400,DodcdpET3z7NRX%2Fnvy%2BiMhwOe7A1R0GMn8ipdibRiko%3D
401,401,%2FnJHn8aLYIow%2FtfUdJmyz5e%2BJJ2mMfRd7nDo5a3K0GE%3D
402,402,rZmRnRTxg6ftcHwlP1NyBaEgQu6qoaFKwAUvOKnYYfw%3D
403,403,PVS%2B10%2BI1W%2Bwfxi3Ff%2FM13itw04BFmsaNAyHvRKOzaU%3D
404,404,RvQJC%2BdBb7yLm2Pjx7f1k2plJNWMzJjVATGEOopyiO4%3D
405,405,MSbGk7RdiKQNJpKiSzkMyFB5eJh1vmSQebW6tgI%2BbAM%3D
406,406,TheQzcBeGXbUtSm0RcD5Mtr1393edt4%2B%2Bb%2BBVR1x6aM%3D
407,407,WWI416MQGXilzWYRcV3EPoci5V6zdX%2Benwlu1ojecUA%3D
408,408,qxVpQKklBEOlrx1gXDBoj1S1LBSkTdtKO2l28EbHcQU%3D
409,409,RCV80aDbKhlXpPum%2B%2Bx8Ce9MPcytBToXocIm9qmNrGM%3D
410,410,c7B1cLG1jol%2FwWFIZMBzDIY55Si3GD311EoJ2ItBpzU%3D
411,411,WejgS%2BLdNuAs15P9EFw%2FyFS%2BT98FTe%2F%2FNyEn2WRcQmY%3D
412,412,xPWlvFYHlaUOpuzBPh948ea6lQ7sQtVO9o99SXzi7rg%3D
413,413,zaU3r10BnbkwMIWV9aJWazTeRPUySuirTAkT7YQ6p%2Fc%3D
414,414,9hO1Xn8eZwMhJfUZnlwj3UD5F0%2BGCDiuIoMDhIeixZM%3D
415,415,rc3VkCsPI%2BXhjjbT4sD5B3tUJIE357HggyqHEoaae28%3D
416,416,R%2BhRjC03SN2YPGFlMlfAO2cTyiHHAnULn4oN6ouDwVg%3D
417,417,J9xrNcvbS827uk93zptgJfi%2B2w4vaVCata%2Fr5xIAjYk%3D
418,418,YWJ0hYy3hv81SCRqMeeCgqh3MBEPDNu2ddTqoEtuB6o%3D
419,419,MfsxbqlWPObILMhXh%2B8j67EUyydKn0M3gQoQevK8UXE%3D
420,420,rXrZmcv3Xn01VfZunHUxJvxQSB288IjmX%2BwVlX1yB40%3D
421,421,79P8Ecn%2BIbUThK%2BW10AV%2B2AQhkUFvN2REbGlkUGXCk4%3D
422,422,xrVPUZiI3fz9rbU0f3ZQc%2F2BAEQHi5M6KFzgtlbYqGE%3D
423,423,4Eaftny14Caq2jfxoGqItDh%2FfiVcBOh0N9%2BqAeNrG4U%3D
424,424,Mm1nHn4a5W50bMZh04q33Q%2BvEAbicEx3SEl1T26LNLY%3D
425,425,QuUVIEA1hHeuoqdy5S0oYF9mA%2BvCyPoi4eFWcWg1uM4%3D
426,426,63C8Szx0qYzIydASZhQJp4324TNEKlvvvxnMF1EAatI%3D
427,427,hvHg2qi%2FqCb7BsDXJ3Lj17DHgeqaakwNAI1i2hxoUPM%3D
428,428,9ajNk%2FtOffJFfNTT6REvFRUAxWPs8ZVqND1dqb%2FOH9Y%3D
429,429,upKlKg%2F74amTlb%2BR%2B3YnMan5G0nuiaJGXopguYJhScQ%3D
430,430,IQWfma2%2FJAoCTAhNwknbo7OZgMlZcIzBb0WkyroW9S4%3D
431,431,4TQKan2X9Q3JTbYapMJksvb1SZX5Af3zYO3w8duAhxA%3D
432,432,461NKKOIm8d84A9DmPOFvM5MyHFfm2DEvUnZJQQVhxo%3D
433,433,We6KexjTXvXas%2Bp9xj5SukUGX643GHYAJYgSj5Y7mAo%3D
434,434,xHXkyQixEMxW%2F6rwLTXrcSWcE1mlSNkUM6PQg4%2FPmI0%3D
435,435,il8QIpWhKi4SqjJY8nVX%2FP3RZguJaTHNn9Y7LT%2FFQIs%3D
436,436,qYDHoTVrc0KuDv6k6QJvC2lYx2e76OU8cuFOKzcttlU%3D
437,437,69qxh7bnE8AE78SZsoL1BkviDcUZG1Dfh2cgsszY6Wc%3D
438,438,EEiMXzx%2B4VsdIF1yyyWD%2Fc5iYjkTe7xN16UNN0vbxfc%3D
439,439,1x8kw9748sJiHy1fodrAn1%2FcS0kfdKpw%2BujH0oUHLW4%3D
440,440,oiQ4Jf6r1xcErTmlO0Y02HsmTakGJq7oYUhmhwWQXdo%3D
441,441,0WjaRUSsoIxVDHLL%2FIDAIfACEl2zFY7czOWL5EXTIs0%3D
442,442,MazFJSY2hW98MHQdaRCxsaowZBzZK3rGA58n41NDyfg%3D
443,443,iItj8cc2ByZkQqSouFpYlhNgBibwmt8c3kwo0Ko71dg%3D
444,444,bC6Lo%2FSjIVsM74UFMMmuMy66R4bEFqo1SaLe8WpfAmM%3D
445,445,LRmtpHUOnUk9U%2BcQ8LAuO8CauMNMxhSAMiKS1r3Yb70%3D
446,446,0ySFL4my31VDdhiOkGRld2mvwyOtXJsz5i4G7jrI%2F%2Bo%3D
447,447,JpBueM1hh%2FOov8RD%2BExUt3BH1LNtWHLNjTJvGGycVkE%3D
448,448,9Y1eCP4iC42CB2%2FgOrisfXdTFDFvKmHLkshJEzuCvSQ%3D
449,449,6PB5rvAuVdtu2Irkw9UfMwClWifbONVzp1%2BBJsfDzGs%3D
450,450,YBMavnqtq6iPdfIrIMbqQIcEnt9eEQNa5BTF2N0P9dU%3D
451,451,DyfqZDR2rQarKUnwFq7j%2FKGd1YuBkb0jwr8eBf%2FXmoE%3D
452,452,%2Bp7v7OJ%2BFIwQXcRnDW9j5%2BOwfTJ1MjzERDYi9qVCpk8%3D
453,453,KW7zdnRT%2B4MTPa7H8RQnYm2pDvsOqSFTUvGx2M8O7k0%3D
454,454,7pZudfahFEPKiDzd7PLC0j0qUYbJ%2BVhkzPM3X1NFNk8%3D
455,455,KqxaIW%2FetLPNOLVES0FsqHcX4SaFyKPB9LqiSU%2FN914%3D
456,456,Yy%2FzQTSyyMt5td8dw1KH6eKRUzNg%2FDoQFFaohk19c4U%3D
457,457,N2zmIEuevtl4k25%2Fo4KthxpMvqUIwt0Ryh%2BgPCXvcXY%3D
458,458,wa7Mam0mz4mOFV%2BHkpWUMVQC1qd0vu%2BZm1APIe0ej6E%3D
459,459,r5CNQWLb7%2BOiVzkA3dh%2BNJvvrwjzm2ksNWoHMp%2B38FU%3D
460,460,g%2BBIx4Nqq%2BzzQ7CbNjsW7R7wKO47qO5TiX%2BnQU7HIM0%3D
461,461,tq2wFJoDXZwLz4%2BUjkCNPfl6hHHn1UgZbFM6kaeG0Ic%3D
462,462,JcAdo7HFEpCGjSkNQYPNJE8U1vvKvrgB0xMMA%2B0EWyg%3D
463,463,rKkfze8YDVuh%2Bx6plrszjKUJXTuRq7%2FOJy8K0aeZfZ8%3D
464,464,3EqJ5HmyKKATwlbNPuhpSYpZVeYayNxvoPXLI2dbywA%3D
465,465,mtAnEYQEXtGigzfe7OJUTfkU%2BtD%2Bze0n7IKZJsQfFaQ%3D
466,466,amiL%2BsAwkLKDeqdUU5d4Y501HkJt9rlxCVoIBJ%2BhOVo%3D
467,467,5huYLCqWI9jBOrBNRVE6kSvUockMiCBv71Y0JP2VFnA%3D
468,468,TVyRZi1cBgcrMQfQLBQ3IGh7ZnR7MA09ervuQf%2BX0pE%3D
469,469,fTCrOBhttzEctL2gg7qm8rJ0CrLRO2ebXMflttj3PMA%3D
470,470,fpXITqWrhY4vlieJJjgTjlUc1MUigaxSr6eEFhr1cg0%3D
471,471,2IotS0pVYf7j2%2FnE29S93rh67QUtYNDDBlfY%2BK4JKZk%3D
472,472,eCDlUwUMy0ypyTFTmDZzhpNkhuWwhhaNXpBmSEvlqZ0%3D
473,473,mZZPgVIJIqDaoU%2FjREQRC73ftXqzwDCoCSJBdrvu%2BfU%3D
474,474,5Xe4pfA4g%2BfauS7xh2uCqzDGPNue7s9Fr1rX5s3HSPM%3D
475,475,LYn0CW9dIeW2wyaGbivoLQjkRoDCegPQIl5oc9f%2BCW8%3D
476,476,YEMEdCYA2T5X5Q06KpZeqrEEg%2B2Dnx%2BckxwcBh2%2FPPw%3D
477,477,KN5oEq0mrzUk%2FI0YYPPmJXHHqyiwRAmpvnxFB1AGQGw%3D
478,478,LbabtBAAX75%2B5F5IikznoqK5sCLci8rVG8GRpEiNS4w%3D
479,479,g7MYC3sDJTpnzxgmGfoz2EC33RfptAHbLBHxVcYnTfA%3D
480,480,g7w9t70BetMLrLcDnnkn8mTC9TrOhiF1W2ZYe%2BzWSdY%3D
481,481,yHm%2B%2BfG8atQWKaLbHCSPFuoAHk%2FBcf3CTJ3nvcVURTE%3D
482,482,3OxsV7mwqXr0ItLcxy4LdVX3JgCoAMQ7uf4URUwBKBc%3D
483,483,qKlx%2FE2anxd7F89s32lXj1KkhhgeSD8p68Dt6XRJDjI%3D
484,484,HLwZBgu8NCRn9c77qbjs3kwVTLc6f%2FPjVZAOjU%2F7Lbk%3D
485,485,bPaAO8OgzU3wC4kIJL1tILAsQ%2BntcIC9Q0y9t3BwM9U%3D
486,486,QCXIBEgHjv7h0%2Fguna14rr75FoQRST2w1BKGLIi1C60%3D
487,487,8gaUSqfK%2Bb%2BOfKcscxrzaJP5LosmKX3Fw6itQWxd%2B6Y%3D
488,488,6e8XthDwiaw3%2B6Jhu%2FDpEc5Nqxztnhu5YN2eKrzw%2Fyk%3D
489,489,3GQJcBkIPuPXirUbBMdyv9mQxz9YsbRSVF6oq%2FdTHj8%3D
490,490,jvs%2FWRCw%2F9n%2FcIBCpPHXJSDNGjKKmVums%2Bv50etkWus%3D
491,491,lPChpQ14ule0o5WulPfii8E90bt6HDTzZuTYE0gKoMg%3D
492,492,KcC7FTGQfwjnmJILwyNfBmWobtiOWbKkPKjjuXeLYsY%3D
493,493,PmkDHbKQ6lMdttRDweYe3Wk2C2%2BbbDppORbeKAA2XdQ%3D
494,494,C52WNyyOdw5VV6Cclw%2BXkYkybe3n3MgUctCHgllzfzQ%3D
495,495,tq71PmCJvUPpEdspNtI6A%2BfTh83yOCY6ThAPn2c5NzM%3D
496,496,S6VvnDXBaQYU1Z7N5kMV3ABSbFVA5StNZAIouIeXLko%3D
497,497,cLdJw%2BmljGj0xEecqMNLSXvmI4N8QmPAK8yXQJUh2BA%3D
498,498,kHBWlxkN3YJsPsy7JRu1fMTJQS2XiRvLgvsB1PNoGho%3D
499,499,C48cBmU%2BM8KdbDX1yb%2FGG2CFgWaKu%2FptpJw392%2BeZuc%3D
500,500,UlsClvTy8Sgy3xr9C1LEqGSp%2F31Je8eLnaVTSDwPTqQ%3D
501,501,GgZL4hmeC3RZLtu6lnMRGQ3HSWX7LyHSYOesEveHLrk%3D
502,502,uvKHeIXx9bvdFJbx3iU43UV1ooKHUh7zaB6AWME6tBw%3D
503,503,f8IfxXDwi7crteEHZcoOw0YuG1MgVbI2taOj5Rf7Se4%3D
504,504,SumOwf9GgOQ%2Bsfmf9HEC8LHWxlRq4GARkXKw3Yo22OQ%3D
505,505,TUJKWm3NhvzFGYiopSi7B1sYCKyM8%2B%2BCH2XeCNNcPoM%3D
506,506,%2F8RBWqq6gRg4Mh2ersKi7yKkd02E1HNcH%2B7VQG%2F1p4I%3D
507,507,DhaYf9T5Jm5%2FWAVFD881H4yfeZZKmO1RLdyGowi0VxM%3D
508,508,szLHBEFdoxA1esJ4frNoTFPfLhCazkoghGJ8nCQrjvo%3D
509,509,6iXq6ox3r3rYxv9YtkBU02%2BolJeWpsYXWCJUwIJNJAA%3D
510,510,K36Rsuo76cXV2fQ0LsUYKC86yqro8Ru02ijjYRZWJ%2Fk%3D
511,511,bR2Kld0nfWRzsuL%2FES8cmr4qKAuBFNWCzkEpFYQkH7M%3D
512,512,FJPmImrzwObqJ9wnJtdDFUSVqC7VvKkVdu%2FsQalDy1I%3D
513,513,NsukzTMIbOyghKrbEqHd%2F3121TNv2AWRGmfN9zgkWmc%3D
514,514,SLNJmEUkHsJsfo%2FaJuj9i%2F7zgmVw4Rfngsb6%2FPGFu%2FQ%3D
515,515,%2FkkNMpT%2Blv68po6BtByCmiAdzkYMQ%2FKJszqiFlHKyAY%3D
516,516,Uo8R6B05isgyzFvQnHhkkl%2BC6j0ZEyw8PFUZbRVtkNI%3D
517,517,sJOBsTxs8gpaXw4D%2B0J4UR%2BSymK9XrJij%2B9aQ7wh1nY%3D
518,518,DErhtxwsxlMltLB%2BvhRdHXcKW8SNutegDfHPuOi9E50%3D
519,519,jftuWupZhnZU8Nxu55b2E16mfREY0C%2FoKUNXAncy9Jk%3D
520,520,9UaecqEENM%2FhaNv%2Bn54ZHeqVuuxNl%2BuU4UOzEvXzKHw%3D
521,521,QSQdJK9z158eRPw34EC51Aun4ahOTNvxaBrCU0ADLhk%3D
522,522,hqpyonUu%2B5pl1Hcfpn4DImToSusbEShTbOfL%2BqbVSR8%3D
523,523,sJUNrhXrbgTtzQ2YOuUXqTZw%2BM3qIlWdMimnomQT69A%3D
524,524,uCnESY2QtiqjWvEPtHViornr%2BCxrBOmy1CFZAR3BKa4%3D
525,525,hhvcUCQLudXytDdYCUmFVJhWpnq0OvrFEGWA6gYfyLY%3D
526,526,%2BpVxifAMF2vHIbBVpYAu1StY7w6KpYbhNhrpEcc6wGo%3D
527,527,Lu52wpvDR%2FBKl9KIP93iYtPZqSYLQogw%2BACeOaAMYYI%3D
528,528,MSVRSNNzolq7SFaGJQVUqvVhLRZ%2BlcJ0jepg24N%2BZDo%3D
529,529,aM8gzYNa5R%2Bg5Kl45SVdmbMw5Sfz%2BvAVPVL%2F3JCFQ1U%3D
530,530,cPDoSa%2FMHpcs%2BRA1gaEaq%2Bnj7kIQZL%2FDVQPMld6wums%3D
531,531,4Upvd7iJAm0IWO83b0BbXTPWkmlJD7Pb45ScErbTinY%3D
532,532,Oe81gp50lamjm2Io%2BkaeA%2BojCZvvWgP7q3B2Gn%2BJgPA%3D
533,533,46AkbgMX%2FCKG0FuF4UVE8f7E5xMMuM%2BOCfLMhcbkOtg%3D
534,534,xtFeRBmK%2BfRTo4qiJOT4Mp7LdPGPz%2FuxyiwVtYun4jk%3D
535,535,z4lTCTPDKLD3KEy3ckvNbPUqEh6agP4e3tuZsP3rSBg%3D
536,536,nAaavBp4l7edzuKOwF0gYP%2BJDMBAoldS5GxO2func2A%3D
537,537,BcIXVmCQ%2FT7%2FEWklneLkCCgTboa4%2FcstvPjWrDWKzcw%3D
538,538,1lPKvUMpzMYsiZ%2FNWz4kgKfSHUY%2FEWJOgu8GylVU0f4%3D
539,539,25ax1yfxs0Qd%2FgLY6AfLXGLkJc6ydUBOCvrymB0tCZQ%3D
540,540,9OZRmCOgjN%2BJrPFRyI7HGURJi3pZUSEggbpkuXxXBP4%3D
541,541,VwedxzHgwOqeyvgJ8pNwYulsL0rtUuoGcKA5sOLQRqA%3D
542,542,FnSUC5GoqG0HK5bhX11R2PS%2Fmm7VZpjErzsZ8r02IKM%3D
543,543,bZPuUqAH38m6YPRGBlnXC63%2FLkUx7I62jaxlHs%2BsnFE%3D
544,544,tJuDZExuPaR%2Fv7bWuL0L2NvogRnT9KAhmzHGwLA0uiw%3D
545,545,so%2FT6QFRCF35gSzYET%2BK8zFk262wMXrwRSSzsSkKN%2BQ%3D
546,546,kFk5zYC1ktNeweBn4RbueUfcR0t1QYH%2Fa6jcszc7TY4%3D
547,547,F%2BrqcWqgHIJ%2BgH9VZFf6APAg%2FCnQs6yHExjbWKDxSxY%3D
548,548,jXmEsuee7aI7Z9AlDiKdyoRzOP5chkwhDXmVu35gU84%3D
549,549,hCQCMaRRcPAOQC87D8Kh7K0d0%2FIJK%2BgJwC9BOYVq8Ms%3D
550,550,MvKD3uEMjgUZD0P86oiGCflbLeK6kdqHllnPSQyhDU4%3D
551,551,DzBuS53OOOoo0wGVxHoTN%2BCuUsLLUz%2FLAPcZUIobs8Y%3D
552,552,wqnGxxz9gfpucscYwC2FzX8E43oL243%2BoJyFkcLqZfU%3D
553,553,t8jY71lfyraWzK4B%2Fxtwju3rKxOFCLJznUSanT%2F1JNo%3D
554,554,4%2BeL63%2Fnlxxa9lkwcruyL4lJw1FKlqBZ8ruKfcZIpZU%3D
555,555,DVo5s2UZ%2FgKer75poAhja7gOFeYVduANFYi%2FVfphSEE%3D
556,556,7yrQZja40pFZSerPCpZTDr%2FT82qi636TR294623j2E4%3D
557,557,7kgWF7SKOMGTPjJ1y7CW9p8BUhPNRIy9rnkEcLCE%2FD4%3D
558,558,g9j3Yr8VIVPv504SmTuQAqStyEJpfaejVGaerH%2B%2F%2BCw%3D
559,559,Nq4jvd3OWOi2%2F5guG9tfGLXP9ZfEDS%2BdsUAOM9Uz%2Fnw%3D
560,560,Ge7s8o8XlWT7yjpd7i19M03qqX6Hfy7qDGb1JiMGMNk%3D
561,561,Msuguz6yXfLmKOM9DmcGvXeqQsTmr%2F9JCasYsnSu%2B2A%3D
562,562,hQgAO9cpG8UZxxaT1vScxCzEyfI0Q99eod1QyfJFrqA%3D
563,563,CMorT5l%2FkIENahP17%2BlOfNVAydxxMUDPNY7OTaPTtF4%3D
564,564,%2B3V1tcR2LfxE6tApmBncXss1dpx0mmQX7%2B7NOnHasN0%3D
565,565,Mmrg3eNOjK4rvkwK2xgtel5Xf7DHyrqkYjzhVzSKXv4%3D
566,566,pBS92GPP1sc0fTD%2FQ14wHgBrHbSnHsnkYjSJyc3mulk%3D
567,567,Gorg%2Frws8axqbhT%2Fypg67jfTKOtLijvrzL41LT8jhWY%3D
568,568,hpkAz8d3mobIr5jpQJGJefseIqRTzfCTtxHZOCVCvJo%3D
569,569,cM3HQGjthFatESJQb13Sw4BeEJiTVpk%2BY0adeNGldos%3D
570,570,5CxktO%2FVkW9frnNRGvX29x4s7A%2FcwxvkEroZ9yz6NXI%3D
571,571,fst1qQI%2BUen0Q1HkZi7Vj5cbxZI6b%2B977A7QMa8UIh8%3D
572,572,nXrNBVjHeWaojUnrWjOSsOXUDD4jfcnnoBsyEzhjCPY%3D
573,573,kV7Q8T3Sxy%2F6V72V2gUwd1M67JlZguVXUZcDr5sPElY%3D
574,574,80%2FYRaGpJWPuPiQA6dY2boowVaQ1GIhQbCBEVBUPCb4%3D
575,575,bx%2BIJxKSCGbQpq1jzI44oyl0FH4%2BM1MBg8%2BHDL%2Bc5rw%3D
576,576,5H40%2ByYYl%2F3r2ptakQ0D5NLYSD3qpwSwOH69cY34M2I%3D
577,577,IC7DojhdzUW4c4CQPP%2BH%2FO8A%2B0FL6%2BTUc2ZOSFElXyk%3D
578,578,ma98UB19ZtSQcBK%2FOHRXaIJ7jQmyNOxbRz5k9rboNaA%3D
579,579,uwkcz3eq6nhNMuATeR9iDZXhSra%2BMwHFY89We2Ok0PQ%3D
580,580,b9Eq0Xs60cLwV6QmmGmSy0gCde09rh1i5Z74%2FQEDEow%3D
581,581,fiROhnR73U0KnYfkA8sPtLYKvp2Wy9ZU85RtpxHIXLM%3D
582,582,nKt4LPxsi8X40XswnafggKjaiXDpCrbxtN1KLmjO1A0%3D
583,583,ymoWTvgPBbTxws65JT6eiNgXQV7S%2FuX33Qb3eS%2FZoss%3D
584,584,sLCov7qeygqJlDH1WKFahkZIV0DR1ljTkmceJQbcOnI%3D
585,585,95KPvAljsEH7MQUCmb%2BFyU5VyVzom%2F2qVIRX5agVCCc%3D
586,586,%2Bw1wBIeghfnpWKGTmtH11ClYZbdvM1mhxo669Osg%2FC4%3D
587,587,c8xVPfnc8PTuIhFAeeCy36c4RIu%2Fao8J4%2FEwbFKYnUQ%3D
588,588,HFZj1WC%2BQL50cJMkHUbW7fYfamSwJDie2U7yJ1sliSI%3D
589,589,Kgvk3gPgqqPWioCMh2cvuop65LTXgyFKISqLanvfxyU%3D
590,590,ZiXC9QXi39Vaarx6S%2B0STmsbbOHmKzsrCSPLF00Ni4k%3D
591,591,oEikZYL4FMf9jWbf2FHAU6qTZv1bG2d4LIKamIEyfJI%3D
592,592,2FJb7FOp88G2TEeMj3uOETCtRGDyoj4GIa2dtD4hauU%3D
593,593,AWOQSkwSNJmpMKPmOdiMYPJ8%2Fcm5SiIccQrURZ65UEQ%3D
594,594,XpDx%2FcL%2B06mQ4l18%2FVZKdIe%2FzD%2FuTyCUzUa5u9%2FeQSs%3D
595,595,q9YC1Cw5dOeeXXA%2FMZZhpVsXwSYvWqYaBwE4ZV3voFQ%3D
596,596,cQAJ6GOhRQ5PTI4vsLyeLUx6%2FkvztN6dL7QpY%2Bak3Z8%3D
597,597,XKi6Dr%2BTA7xtcf2fmihMACml20z3ZYIKa0zdDyBT2og%3D
598,598,bLFkg42tSW5D0ErpVYQ4V70lCL0NtBiaN6cr7Yr7s4k%3D
599,599,GsNy6yVy2fNfz1CyR4y6pNgRVSFAGylgzr3WKbt8sJs%3D
600,600,8FegHpsDUUepVLG8GC02AAUo8ufVb1iiPAnr0PVRqRg%3D
601,601,hb5O9aFt33xpDrDRaaFnEPCoqxFyi60W8Fr5C%2BpiMCg%3D
602,602,oGS%2Fe934QLkHnyXKhGWl02WSzOE9KQ5PiMKf4zMrFsI%3D
603,603,3Z%2BMC5z13HaOYEmiZuF3tiwZC%2BZCYlsHiV8m8UHcveo%3D
604,604,YljBjhBSt4ga77ARrfWL265UiUfNLboRgdqHnvA1M3E%3D
605,605,Syc4eyi%2FK2RmKC5yE68fUXjdXAutyjU6FldfYlDXPQI%3D
606,606,rLnaHX3zFCflNC2UxZUHe4psfuBD24n%2BuvtHezCVPXg%3D
607,607,aca3UrC3%2F%2FHckPb8pTL6drd4OXB7q0l1%2BBzk4I%2FVE%2Fw%3D
608,608,maPYQUbp9nG62i7TtPLBXck9GRaEuBlIbG6N0wccqVU%3D
609,609,S1aa2TgXgG7j1lNETFeGR%2B%2BMumvKMdZ5nkRM%2Bh0yPGg%3D
610,610,CNVrmNKRQfI3FLu25LYxGJXclCb7Z6EewM2rTBQlHrg%3D
611,611,xJsYYjcgQsIkUrSBvkuMRuoGHJJmRucE8VjwcnVExas%3D
612,612,0biuHxsp2hRmdB6kWtBLhg8YST3HNrsUg8QIWzcmgu4%3D
613,613,qtmx2J%2BOdn%2F1VsNEf%2F2M2JdTMt6mYVE%2Bw0VIJcB1Upg%3D
614,614,Iq9yi0UGsGGVQyfSsZPbsHnaF8Pg4qBIv3ibhNOPfuc%3D
615,615,jLM9%2FfOJpBWGunGt6bRoFzgFXCmRRX23sQ8%2FArgB6Gc%3D
616,616,k%2Fm%2Fy4MXv2wv7Vl8zm%2B1jRCcyWb2oMJhiZA6jflqlZY%3D
617,617,KWtyqkAmNPZ7BSCYnIiAGB%2FaL2G5iKRtmAhIunjok80%3D
618,618,eUBDAe9rkF4O9TqiX%2FluzsU05nH9wAaGlEVqjiI7wg0%3D
619,619,pc3xfmD%2F0%2Fty8KArlGa294VlHgTUUVVwiV%2F3zFtIp0Y%3D
620,620,NZy9R9NGR9c0RLDCEzIIqdQaqpM16ZSIVey2m7z3Bkg%3D
621,621,jHcUMPAGs51GGP1nLwS1VwBjYOSCGXxJs01hZtyXTtc%3D
622,622,zRlJw8AqsqmTFkra8T6Q4mBhTlsq7xbYsAC6Hn23dxM%3D
623,623,WlSwzyL7kA4dDVRyEJi%2B%2FkJCAY%2FyvFx4cUCD4HrBiro%3D
624,624,oOPosJtrvF4vTgM2eSh0yqRjU2rz%2Fa0MkxukJxTCbVE%3D
625,625,Q4TfCqGI7uNzOK5cpEKeRJKzppnx%2BUA8QIkcILrZyRM%3D
626,626,s28qNIPySamsgW6n2mN0mb8FkssDyENIJE6hA3TLWQ8%3D
627,627,nQsgDhPN%2BNDDS22AzLj6i7pIG5wdVM0Hi%2BI3xJM67nA%3D
628,628,4pygxecjijeHYp9jlwQOCd5kPPM47ycKYbMio0mqPcE%3D
629,629,ZDerMqsF0VMR4yvW7AH5tiAIFR6yQK0CnUakl2hiH10%3D
630,630,9hm15no4HfIdXvNXI3ucFGylac01OZrCCFJUdO0PlV4%3D
631,631,%2B3RlppzdhUT2whYEnARI5%2FShQTWRIyslwHMo%2FOh5FJc%3D
632,632,s%2BYRGhL45UuRbiO93Uo8BNzeC3Z6lK1hL2LrdoG2ZI0%3D
633,633,9Vi34iPyeyF0BYVL064yqWchGz6L58oPcSh0IjLs43E%3D
634,634,yQfK%2BqgxdBj%2FeOlwcNCH7Cp6wh4nXv0lKrhyZ5ESNWc%3D
635,635,iBjF8hV7kz4wgD4uk1doldcgjoI7cuMSEgsV8SE2EOw%3D
636,636,bcyS0HEfwo9e5m%2FOowGnaRKgT7y1zUd4oSVK%2Fyt7Vgk%3D
637,637,v3DVYcw33NUA1orP%2FpIdo1YgCiTyTioSb4RRxWiuPyo%3D
638,638,bFEI1qZRITj9TIJN6hJPEkVQjC0hU6lpFGLjnrCbk5Y%3D
639,639,yOIjf8lHCIqEL4iD0lwRvZKy7MvQu6Rn938vMGfcIs0%3D
640,640,O8djNQuVn3rgesG0PADD6zUY95LSPqXem9ReR%2F8EH08%3D
641,641,Rs4L0ye41MZCcIlPkIwzx8ZHhtdbxZI1dsIVp4r6rgE%3D
642,642,kziQnDn%2F8oQANDxoApFECUWiaFf7605PhnShF%2FXeRF8%3D
643,643,Snzf0OWBzfT0rOGH8cktl8wgwq1Or0EFwyNRW6dks8o%3D
644,644,uevCZnDwf%2FpREPUuuV6OTQqveyfcV%2BXL%2Fvz0t22WyM4%3D
645,645,QcLJEf9uRpiIbWX%2FZJkSyFs8IWIgZ2a%2BKv2bqZyfb%2Bk%3D
646,646,rsyMDFlpUft%2BOZezWuJXTnrtngCah7coegUZy3DNY%2FU%3D
647,647,ZmNLCIfueCxmMMyD7NZ7XYgJnAcRp4JrBNIKMb%2BFTT0%3D
648,648,O8RbytfGSspDpzRdjfc2tYcuFOPWbr6sk9bjyczTEYc%3D
649,649,Nioz7fyjRhl9fs0J0YelYZQehXLldqMmrsDf1WiA1O4%3D
650,650,vgRikDyyVrjSjjakT%2BReWpnQDUyRt8%2BXfIzbOJ4DJY8%3D
651,651,LmvXeduJIPZ8%2FhUac2wV5bvNQ28uspYTamaYxPO9HR4%3D
652,652,%2FAGbnj3Cgru56xOQ1vtK5glrOv7wO0Q8JAOysUWq8Kw%3D
653,653,BzpM3%2BqMJM9isPRQpvI6kc2UqQa2pyAV05ju02XSQCs%3D
654,654,6TILT2D7TfPF0yLYZqRCi6ewqiatT57phEXlEbyOFMQ%3D
655,655,TC0hGWXDP%2B%2FP1eji4CrYlYojFondpvd%2FGCLK4KklSEQ%3D
656,656,HdMpfEi9pJzKbOYbENxHPDkWt9e%2FZKPWvOKT5IDbIeU%3D
657,657,GxUIpnjYe77D74IzysdYgTIi4YxqdlOQ4pQTwUjBaLY%3D
658,658,nzyWAG9l04zFGDX6y44Kx9izpEBvkQcuq42WG5qBq3k%3D
659,659,VLtKjHiRCFDBSjTTItRxd8lWf2Y%2FXhOD%2BqJ%2F0AzEYqA%3D
660,660,6lWT3GvfbDFh8M4IMZ6Uh5qV2GYHHiqTVbArXeURI%2FM%3D
661,661,vqt5R58Xn%2FV5Yz6b4uf6JUQhzsa4%2FKMZumD333jrAT0%3D
662,662,Bx%2FAIHWPixIx9B4sRyEKccAuyW%2F3AxEAS6zyOB8317Q%3D
663,663,hwumv0MxUyITw1vVsb1C%2Fr0tFMP2mIAJlCQ9SQvCuyU%3D
664,664,pjV8SQJkF2uM2HZ6cUn7nSjm7Y4P79fqlHhem%2Fq4RyQ%3D
665,665,SHbQpZzBs61LN5prSrG9yayHy8V%2FI0snUud1N4Ca48w%3D
666,666,aT8QhbnxZNB0UmK4mMfmQrL%2BUuvf3INDKB9U2nGp8Ek%3D
667,667,kwD1jeZsspB6FlGwkxtC2tVUaZ6eYlo51qOgCQk0FaQ%3D
668,668,VIbuiEBzWLlzSSDEIPeat1dEIqA2qc9%2Fz70kr96LRyM%3D
669,669,ycWqjUumLOS%2BTdUUBwpgzUax395auO09fsKSP%2BaLqf4%3D
670,670,B8JcK7Dhkbr6FEx0Y45hrdK3vTXuDd7P0mRGTqz%2FVDU%3D
671,671,lc7b8QhwqdwsNrvwDxRzcORyI9%2BfnJgtblV9e9PGAQQ%3D
672,672,h1uOHvh3J5giTfQ3us8I1D9CfgrRLI3Cj%2BAX8z3SWII%3D
673,673,M8SBH%2BZCSTpwE75rFGiypH%2F7R1ZlW%2BdsTuDUurMy6hw%3D
674,674,P3cX43PRlaoqzk0Pj5oiIdT9Rp9cN6zX8YMUvf2psqs%3D
675,675,tH1kDUU5LovDV4jhNECTasOQajQeUwBEfG7ENOHADbc%3D
676,676,9fDFTaXqJPC804UV6jVjpwNw6WV%2BX5%2FaGaUlH6OIHyc%3D
677,677,FcnsrCTZMHv1W6SvCxKUC69ZMqGkxeIMvD%2FjFHP9v6c%3D
678,678,MrlhamAcNbbZZAGyNi8Khhicdc%2FDKzUIvP6QXKNYnzw%3D
679,679,VzCYS61TW9mlIvSJU8CqNHAuO35TZG%2FRmuY8EVWI%2BAA%3D
680,680,HVZz4tiNAtGDocShs%2B0Xmmb%2BUgSSBHCPvzpLUDZdJgw%3D
681,681,aIsCZmHePjNPEGmG8wGhgjc6ZpJRVE0KuEy69SHSTg8%3D
682,682,lW5rC73fyCXOgY3oympBHfBQ%2FQVqH2CqbzVCycQI6KU%3D
683,683,cD2u7oa3D2z9pUWJVOtczyqRD3RWuVA2GJWEsGWBHx4%3D
684,684,zYce58O%2FvLpNzW7CFFAKpI4ogIQi8jtDcosi6ePuphI%3D
685,685,hPAB%2Fmn1ysCfk%2BThHCGENgXogEN9kX7XWJnMzlXQjq0%3D
686,686,R9zvz0UIuc7g%2FqVq7fPFJtv1NLv%2BT%2BcgKl1AhfbljjM%3D
687,687,6hfjW27jEPr1AuR1%2BKrofogfpc9icFPsL6EZ5s%2FgYxQ%3D
688,688,KMEp4FU3iX%2FBR%2Fv3eOecR1Qb2UBeiZHQ1zk0Zh3LyZg%3D
689,689,XwqWb0bDvyBKiNgP%2BcGOlab0UFvzA1vp2bj8%2BiIj6%2BU%3D
690,690,6bNkdd%2F2xpkKLk4bFhkmZ4hKrHU9yMoR7iccjnqDG40%3D
691,691,Xk%2BruhdsgvKXWFKhMWtom2ZAjWbQBmIT%2FYwTUWjZ0sI%3D
692,692,6zc7mf0TuKRUfhegbGwtfEFNI%2BuMLlksmrwsPndIJCs%3D
693,693,4j%2B%2FSEhMigAjbjLQHkb3xGskBbIB2zTR1z5OOtv5POY%3D
694,694,QQMz8YmDBlNp39PuT4A7SQAUlCA2Se9KVLvRdX8VL2o%3D
695,695,b3QSw3LCg%2BkRDt9FmTY%2BN%2BBDBRb%2BPWdt2oo%2Fe%2FQSMi8%3D
696,696,LVYDITPMxcnvxJSBzmg1tIlIg%2BudG68kn4KIGSTzPAg%3D
697,697,JcCPBuwDvk3hv5W4tru5xzgnSot8rfDf2xml6GlI%2FxU%3D
698,698,kFu1c3ovr50FovEdnX07RSB1amDP8zK2TyzoBlg1hYw%3D
699,699,d7F%2BwQYIcn2BBiejOLkb3FhGHeLX6%2B%2BgcxKT23RHT9Y%3D
700,700,Whff1PxaXOXq59nDXhCKGX8c1t3pakioRvND63f%2BG%2Bs%3D
701,701,wMcngZCf8CKRyoSYRzJXlV8EfdKmsgWrePSuAc7sDWE%3D
702,702,opvVob2lYl%2F2jlP3ctYWscMj7lhVpT3k1Ggiul0Gqk8%3D
703,703,V%2FyaI0r6tvCpP48V3eD5nJBZiInEXH%2FlMvj7hQX6XZ0%3D
704,704,YknS2MS%2FFmYAfbqWJ2hEJ0U3u9lHguZ6yACZzYtb4FE%3D
705,705,F6%2FLIhOmOeXxsSFpZYmxGaiV1gSs0ZRIGNavp53hIIg%3D
706,706,HxkzxbBg4pq1Ui8%2FEb3LlcgYcn9GN1PlvkVL50%2BCgew%3D
707,707,4em%2Br%2Fe8I345DN2YSFDTHC2pRho2HC1AprUoiPKBWMg%3D
708,708,WyCg2rbsRu4JojVqZll1OCtSEn9bTJ2JLRJ%2BpWN1%2Fqk%3D
709,709,kznk%2FZOnF64DWdT%2FGDm3rg0zV7aNFAsVW%2BV5v0K%2FZA0%3D
710,710,XbvKzeZeXc%2FNrxpDcIzTOEtYlnjThEVO0Y4zyYY6Eco%3D
711,711,miP%2FTkZXD4%2BNyGn2qdmhxcnSNnGpAYrBIXSNBxR7H7I%3D
712,712,0VXWurg9nngaTqwPZHsEDcp41MOfyCqYWF5ib3MA06o%3D
713,713,OwqK5daMJKccvmT0BYeUb2tVOtIw2Nyka9cgLfxpxnk%3D
714,714,Y8CEh0%2FknDy7xh6zQopVszHgGh8uhUDzvNh5L6U8mIE%3D
715,715,CnSLPRY4dndAlhTOzEj8OUBt6n%2FFj65a9LakpgIXpCg%3D
716,716,fOn9pa7aUTZGynz5t6kmjJo%2BnDYVrs6UgfQdS1OVUxQ%3D
717,717,kfBHJ5MC8x4sJWUzBEGNXhyh6fBQvhGA3dBcH9NA2pQ%3D
718,718,QjuItRLYNPnA1IVS2L%2FyQ14iCo3uSUaEkAvpGvrCqhI%3D
719,719,pVqE%2FTOEgg%2FYKXco4sBQnWS8h3IpLOAAlwtidMDWvE0%3D
720,720,PMLXKD30pon14p62gsL%2FHsj0r2br8SAQpla%2FXQy0LA4%3D
721,721,WGLm9e3rQoWAoUo1uGEE7hvW3iajA2W%2FgkGKNCa%2FJdI%3D
722,722,Hzj2RWnbtDsUsNKlJltMijABKQp7Vpvj9Veb%2F620wm4%3D
723,723,zTknaj5UeOOGnXLOKADUiCzarKxi6u3owctHYmyp7Tw%3D
724,724,n6qJerc9tMgMZAclaeUNIsSEmc3splduqYT%2B4mWXEvQ%3D
725,725,KluGxQ6rPr2BFZA5UZxqwDYlsnLCm6SSvi%2FZoba0hZQ%3D
726,726,E6ZSZ3KmomYDYiqhmIwv8ox9sjZX%2BrBxFMBAdOI5PsY%3D
727,727,ce8OA2onMuxInkwKsfLquHc5KMTVhAfCOAMQxV186iY%3D
728,728,FYaDb3jpxqchC%2BFnI%2FAu%2F1i4YjX6RV3KPnQT8WebNpY%3D
729,729,KArz7qdzoW4RCnDzNPJQUSgvAoJObnoUoODzEiwZh9M%3D
730,730,MAA7UCutEKXaeIwtpFKWr1en1%2Ff4o2bN0vQ1jmwyOOM%3D
731,731,MJklF%2BycbYSqXoKcTH304Ll8GH1m5LDzBQTDNqW%2Fnpc%3D
732,732,vfOh4hs66%2F1zdWtZDokIz6lRnxk9WxCc4rpDrpEhozo%3D
733,733,KdbHpjfyKVj%2FayvD48%2B3D5ssLWDh3DnNqU34JCoe%2Bf0%3D
734,734,0NoG%2FF9zJkYi2y7gVSEdV1Cg%2B39objfIMtM6%2BgVP%2BYc%3D
735,735,m04zzSQV%2Fjkz6V2LQ5wqpeTmf6UZXdXa7a4aow6qrfM%3D
736,736,yPIfG5Jgqb%2BgCFbMpRn%2FElkniTy73JTtwLf2Bwtk9xk%3D
737,737,HRmBx15VIhwHwglU4s%2FifK702AFjaJyuX9%2F6ErtUrJI%3D
738,738,8tSMZbKkqFMdTL8oNfiCxe5Sg8%2BbemQPA1KdzNmgaXg%3D
739,739,yv3f%2FmcXplQDH9jK5aZThakEr3QA%2F7bCcG215Js2L30%3D
740,740,jF6fnBHGaIDm69W2tZd5TzgIEkHoDrzrqqD1Lt%2BWNAM%3D
741,741,UmTjmyBdhkr8SkpSMG9IVR9CMbKtUhXAXfXqGMThwj4%3D
742,742,UA87LNOB32s4N%2BcufEbA%2F6vbDozCvDiD6lQCmdIrn%2FI%3D
743,743,clxtqjz6q%2FP9xqG8p7dwSuIi4q%2B%2Bea9CGrPZKOj3vms%3D
744,744,A5fRVxkpDyFDHY5d%2FDt5V8dtUv9Bwol60hXks2zew5k%3D
745,745,rjFP1no0JRT6ojyX%2BgiO9p%2B3AShcialvIgUqUvSjqDE%3D
746,746,Pk9laVKs%2BrwIk%2Bki%2BN3Qv3p83f43uLJnGB8wa%2Bsxfh8%3D
747,747,18yITvjGlNbv0ux18YOHuCrK%2B0c4BTydYL1QO5njH8Y%3D
748,748,DgDAV7FC8CVlZRqpoVPOfksr1wJ8r8nE7BvxenIllZ8%3D
749,749,rxdInwkkP5I4RL%2BHJBKHKfq5ruO4EIGJDGHoWrK3gA4%3D
750,750,%2BMm%2FCSAuQ5lK8mtfgrAbtTdf0l%2BRucKhgMjBklzCAww%3D
751,751,t61Jo34YGGEzdbFbY1CIePH%2FAt48dtj%2Be2YXluSu0ZM%3D
752,752,x4AhM9obERPzk6%2FPniD1VQqJtLBXIge5cS09roUNNCI%3D
753,753,cfIxM71a1OTkslBHV%2FmoBu7N0nzEs6hwCCtIdgBtshc%3D
754,754,YL3%2BHiwJFR9BBxoJmfHhzM%2BIG%2FuxM9tY80EE0pSzufQ%3D
755,755,9oZ1zdHtlJ%2B%2BstSVbq2PaRcVyH7Wvr%2FybtjtA5x1u3M%3D
756,756,Yvxae7PrKzwN9iLnveO5C9mZ%2FaiI5imKn9qLaTC5Miw%3D
757,757,ebeU%2BCUIP1jW6Kfn%2BRqD5dSn8Bm4UdlmtBeVlZzOLic%3D
758,758,1Dz12%2FlNRFHd11LqtgRT2FMCm7DzHVIkG2SHrxe%2B5oI%3D
759,759,S%2FFTOjZLVB%2B%2BLx4UW7rCU2Q1ER%2FgHCnjBdLiFqoqSnc%3D
760,760,ocToFFaHvS71iS8MIHJf%2B3I%2Bt%2BPRaObt7TX16ABK3nA%3D
761,761,MGGYgxOGXaLGvoFX14IoBFTtdFguM3hbODvMeFmeml0%3D
762,762,imSzjJ%2Fr%2F1qrF%2Bw4XF0kBul2q9NTM2GEu18sxf5ftkE%3D
763,763,ZTXGD4m9n313M8HdvRTpkhFaclqPJmCuqXvTLTq6Usw%3D
764,764,7bEyLE%2BSOKlP2mYCV7gAopm%2BAlXHUHSH%2Bsf894iPF0k%3D
765,765,JuK6zJy13YaYjg7acc9W6FU%2FuDAbowo9lNN2FQz%2Be%2FU%3D
766,766,afxoYN479vZ%2Fob%2BwaJNKUosqTTWF8x19rNxNM5EiBEc%3D
767,767,x3H9FQoudcBEp0wV7ofxijAzb9SXNZSM27hbjKbsp%2BY%3D
768,768,7u2L%2F4mQHen6lYPpCj%2FG6vjYquJySH1vppiectot1nA%3D
769,769,tpvgSJiTC5r6LHaoFNVbyu1x1XfBekGzw9yWmuWrNNg%3D
770,770,DOvHecdBrUdf0FSwC0zo2dOc6x7Zg6332rCde1MpfOw%3D
771,771,IDruR6%2BLKgcpmWON1%2FnUYxXhLUn3ILkdtTHkPzrMRc8%3D
772,772,pTBA9GSKRsJSNN3Lfr8eyUDSC1D0d7tDKymD3XTozpI%3D
773,773,iJHiBVAoTJtAIaMr6Rimk4f5IupquRC82MKnQyLc4D0%3D
774,774,mF6kmF%2BSpBxWWklT%2FN0%2FhXiFYFPxSZM4SHF8UWCjrIg%3D
775,775,h31XDbeEyeClP8elJUQhQQiQlDTg66m%2B6Ly%2BdPBQsP0%3D
776,776,ZmTU1iMFf%2FCkIi3HkW%2Bnt9SizS28v9A3eMqn%2Fj5%2F4So%3D
777,777,UP5NgMi0CPmN%2Fd6rKkIRJKGOSZCo%2FiDzsriLs2ZYk2g%3D
778,778,Pmci0kiTQpD6qkiPfc%2F7P9K5JxQcU62L%2FQaTbJ6YKEU%3D
779,779,B1ajm0BSBfesRu1yBtnw%2F0gMq0JWbs7L5ZvLQ3LhdxA%3D
780,780,FhkpeRd%2BFpc2D3QCz33KoDX1gyLuUacZ%2FzwnbfLD7%2B0%3D
781,781,1jrd%2FedVOL67uzG9UUSn2FSr%2BNHHwVFkdtcwAGUtnfU%3D
782,782,Ww5xi6C20O3VlxfRkGJhGi%2BhKYVC6e7g3rEQ8yAr2t8%3D
783,783,pAOWznorYGGzMNpZeV5RNmKswYnnAxrgnD0DMFNsQWg%3D
784,784,srHKqE%2BEW57NlDEYYj9jG8DpQs%2BcxEQsgqFSqvJiRcg%3D
785,785,zL%2Bu8VyecySKxdQWW%2FrqkjzC1qw2rzWJ7ovAeWmFkTA%3D
786,786,Rem%2Bpr7OJQ1cGQC1WrwyLjXsgxlYphURiTIva%2BcXf8g%3D
787,787,nSCyoKpUZSS4vrBbEi42Qu3yu3h1RtwcZiQqf%2Fuy5UM%3D

